{
    "docks": [
        {
            "angle": 92.0372149466,
            "x": 430.853477009,
            "y": 243.701057504
        },
        {
            "angle": -14.1857317612,
            "x": 288.360827233,
            "y": 216.807579433
        }
    ],
    "paths": []
}