{
    "docks": [
        {
            "angle": -169.471158927,
            "x": 630.485240216,
            "y": 348.402433119
        }
    ],
    "paths": []
}