{
    "docks": [
        {
            "angle": 132.681842715,
            "x": 457.106518867,
            "y": 239.974817683
        },
        {
            "angle": -45.0140001572,
            "x": 425.124090197,
            "y": 270.739754768
        }
    ],
    "paths": []
}