{
    "docks": [
        {
            "angle": -168.876292,
            "x": 463.747047327,
            "y": 239.761104565
        }
    ],
    "paths": []
}