{
    "docks": [
        {
            "angle": 51.4021042376,
            "x": 370.125478247,
            "y": 150.767121728
        }
    ],
    "paths": []
}