{
    "docks": [
        {
            "angle": 23.9527957291,
            "x": 431.490139704,
            "y": 299.924245306
        }
    ],
    "paths": []
}