{
    "docks": [
        {
            "angle": -126.006439098,
            "x": 396.284650041,
            "y": 242.615544778
        }
    ],
    "paths": []
}